Feature,Innovation Score,Technical Complexity,Job Market Appeal,Implementation Feasibility,Wow Factor,Overall Score
AI-Powered Predictive Analytics,9,9,10,7,9,9.0
Digital Twin 3D Visualization,10,10,9,5,10,9.0
AR/VR City Planning Tools,10,9,8,4,10,8.4
Emergency Response AI,9,8,9,6,9,8.4
Voice-Controlled Interface,9,8,7,7,9,8.0
Edge Computing Integration,8,9,9,6,7,8.0
Blockchain Data Integrity,8,8,9,6,8,8.0
Real-time IoT Dashboard,8,7,8,8,8,7.8
Smart Traffic Optimization,8,8,8,7,7,7.7
Carbon Footprint Tracking,8,6,8,8,7,7.4
Automated Alert System,7,6,7,9,6,7.0
Multi-tenant Architecture,6,8,8,7,5,6.9
Energy Grid Management,7,7,7,7,6,6.8
Citizen Engagement Portal,7,5,6,9,6,6.5
Waste Management Automation,6,5,6,8,5,6.0
